bigolive,bigolive_media_stats_text,day=yyyy-mm-dd,31
vlog,like_user_event_hour,day=yyyy-mm-dd,7
bigolive,bigo_show_user_event_hour,day=yyyy-mm-dd,7
indigo,indigo_show_user_event,day=yyyy-mm-dd,7
bigolive,bigo_show_user_event_hour_orc,day=yyyy-mm-dd,15
vlog,like_user_event_hour_orc,day=yyyy-mm-dd,15
vlog,like_user_event_0201001,day=yyyy-mm-dd,31
vlog,like_user_event_0201002,day=yyyy-mm-dd,31
vlog,like_user_event_0201003,day=yyyy-mm-dd,31
vlog,like_user_event_0202001,day=yyyy-mm-dd,31
vlog,like_user_event_0202002,day=yyyy-mm-dd,31
vlog,like_user_event_0202003,day=yyyy-mm-dd,31
vlog,like_user_event_0202005,day=yyyy-mm-dd,31
vlog,like_user_event_0202006,day=yyyy-mm-dd,31
vlog,like_user_event_0202007,day=yyyy-mm-dd,31
vlog,like_user_event_0202009,day=yyyy-mm-dd,31
vlog,like_user_event_0301030,day=yyyy-mm-dd,31
vlog,like_user_event_orc,day=yyyy-mm-dd,-1
bigolive,bigo_show_user_event_orc,day=yyyy-mm-dd,-1
cubetv,cube_show_user_event,day=yyyy-mm-dd,31
bigolive,server_offline_push_static,day=yyyy-mm-dd,30
bigolive,client_pkg_stats,day=yyyy-mm-dd,30
bigolive,showroom_exposure_event,day=yyyy-mm-dd,30
bigolive,user_action_screen_msg,day=yyyy-mm-dd,30
bigolive,client_offline_push_static,day=yyyy-mm-dd,90
bigolive,viewer_action_enter_exit_event,day=yyyy-mm-dd,90
bigolive,linkd_proto_http_stats,day=yyyy-mm-dd,30
bigolive,linkd_proto_restime_detail,day=yyyy-mm-dd,90
bigolive,linkd_proto_stats_v2,day=yyyy-mm-dd,30
bigolive,bigolive_media_stats_orc,day=yyyy-mm-dd,60
bigolive,bigo_hive_net_stat,day=yyyy-mm-dd,30
bigolive,bigo_room_sendheart,day=yyyy-mm-dd,60
bigolive,viewer_enterroom_event,day=yyyy-mm-dd,90
bigolive,user_exitroom,day=yyyy-mm-dd,90
bigolive,bigo_audit_call,day=yyyy-mm-dd,60
bigolive,bigo_audit_call_new,day=yyyy-mm-dd,90
bigolive,bigo_live_rec_event,day=yyyy-mm-dd,180
bigolive,bigo_profile_use,day=yyyy-mm-dd,180
bigolive,bigo_block_thread_stat,day=yyyy-mm-dd,120
bigolive,bigo_linkd_connection_stat,day=yyyy-mm-dd,90
bigolive,bigo_offline_push_res,day=yyyy-mm-dd,90
vlog,like_server_offline_push_static,day=yyyy-mm-dd,40
bigolive,bigo_live_udp_ping,day=yyyy-mm-dd,90
bigolive,bigo_live_user_event,day=yyyy-mm-dd,90
binlogparse,like_live_welog_tbl_video_counter_day_from_binlog,day=yyyy-mm-dd,30
algo,rec_bigolive_sample_d_v2_tmp1_orc,day=yyyy-mm-dd,7
algo,rec_bigolive_sample_d_v2_tmp2_orc,day=yyyy-mm-dd,7
algo,rec_bigolive_sample_d_v2_orc,day=yyyy-mm-dd,7
algo,rec_bigolive_sample_feature_d_v2_tmp1_orc,day=yyyy-mm-dd,7
algo,rec_bigolive_sample_feature_d_v2_tmp3_orc,day=yyyy-mm-dd,7
algo,rec_bigolive_sample_feature_d_v2_tmp4_orc,day=yyyy-mm-dd,7
algo,rec_bigolive_sample_feature_d_v2_orc,day=yyyy-mm-dd,90
algo,rec_bigolive_sample_feature_d_lr_sa_v3_orc,day=yyyy-mm-dd,21
algo,rec_bigolive_sample_feature_d_lr_global_v3_orc,day=yyyy-mm-dd,21
algo,rec_bigolive_sample_feature_d_lr_es_v3_orc,day=yyyy-mm-dd,21
algo,rec_bigolive_sample_feature_d_lr_us_v3_orc,day=yyyy-mm-dd,21
algo,rec_bigolive_sample_feature_d_lr_vn_v4_orc,day=yyyy-mm-dd,21
algo,rec_bigolive_sample_feature_d_lr_vn_v4_dict1_orc,day=yyyy-mm-dd,21
algo,rec_bigolive_sample_feature_d_lr_vn_v4_dict2_orc,day=yyyy-mm-dd,21
algo,rec_bigolive_sample_feature_d_lr_vn_v4_dict1_output,day=yyyy-mm-dd,21
algo,rec_bigolive_sample_feature_d_lr_vn_v4_dict2_output,day=yyyy-mm-dd,21
algo,rec_bigolive_sample_feature_d_lr_th_v4_orc,day=yyyy-mm-dd,21
algo,rec_bigolive_sample_feature_d_lr_in_v4_orc,day=yyyy-mm-dd,21
algo,rec_bigolive_sample_feature_d_lr_ru_v4_orc,day=yyyy-mm-dd,21
algo,rec_bigolive_sample_feature_d_lr_id_v4_orc,day=yyyy-mm-dd,21
algo,rec_bigolive_sample_feature_d_lr_my_v4_orc,day=yyyy-mm-dd,21
algo,rec_bigolive_sample_feature_d_lr_mena_v4_orc,day=yyyy-mm-dd,21
algo,rec_bigolive_sample_feature_dnn_in_v1_d_orc,day=yyyy-mm-dd,21
algo,rec_bigolive_sample_feature_dnn_vn_v1_d_orc,day=yyyy-mm-dd,21
algo,rec_bigolive_viewer_behavior_features_orc,day=yyyy-mm-dd,90
algo,rec_bigolive_viewer_effective_behavior_90_days_orc,day=yyyy-mm-dd,30
algo,rec_bigolive_broadcaster_effective_behavior_90_days_orc,day=yyyy-mm-dd,30
algo,rec_bigolive_broadcaster_behavior_features_orc,day=yyyy-mm-dd,90
algo,rec_bigolive_user_static_features_orc,day=yyyy-mm-dd,90
algo,rec_bigolive_viewer_broadcaster_behavior_features_orc,day=yyyy-mm-dd,90
algo,rec_bigolive_gift_rate_test_samples_d_orc,day=yyyy-mm-dd,90
algo,rec_bigolive_gift_rate_predict_result_d_orc,day=yyyy-mm-dd,90
algo,rec_bigolive_gift_rate_predict_percentile_d_orc,day=yyyy-mm-dd,90
algo,rec_bigolive_gift_rate_samples_combine_orc,day=yyyy-mm-dd,90
algo,rec_bigolive_gift_rate_samples_d_orc,day=yyyy-mm-dd,90
algo,rec_bigolive_gift_rate_detail_features_d_orc,day=yyyy-mm-dd,90
algo,rec_bigolive_gift_rate_origin_features_d_orc,day=yyyy-mm-dd,90
algo,rec_bigolive_staytime_feature_orc,day=yyyy-mm-dd,45
algo,rec_bigolive_miclink_feature_orc,day=yyyy-mm-dd,45
algo,rec_bigolive_follow_feature_orc,day=yyyy-mm-dd,45
algo,rec_bigolive_gift_feature_orc,day=yyyy-mm-dd,45
algo,rec_bigolive_similarity_broadcaster_pair_d_orc,day=yyyy-mm-dd,45
algo,rec_bigolive_similarity_broadcaster_label_orc,day=yyyy-mm-dd,45
algo,rec_bigolive_game_feature_orc,day=yyyy-mm-dd,45
algo,rec_bigolive_broadcaster_feature_v2_orc,day=yyyy-mm-dd,45
algo,rec_bigolive_broadcaster_basic_feature_v2_orc,day=yyyy-mm-dd,45
algo,rec_bigolive_similarity_broadcaster_feature_14d_v2_orc,day=yyyy-mm-dd,45
algo,rec_bigolive_similarity_broadcaster_label_weight_orc,day=yyyy-mm-dd,45
indigo,indigo_show_user_event_hour_pq,day=yyyy-mm-dd,15
algo,rec_bigolive_similarity_broadcaster_sample_v2_orc,day=yyyy-mm-dd,45
algo,rec_bigolive_staytime_feature_v3_orc,day=yyyy-mm-dd,45
algo,rec_bigolive_gift_feature_v3_orc,day=yyyy-mm-dd,45
algo,rec_bigolive_similarity_broadcaster_pair_d_v3_orc,day=yyyy-mm-dd,45
algo,rec_bigolive_similarity_broadcaster_pair_14d_v3_orc,day=yyyy-mm-dd,45
algo,rec_bigolive_similarity_broadcaster_feature_d_v3_orc,day=yyyy-mm-dd,45
algo,rec_bigolive_game_feature_v3_orc,day=yyyy-mm-dd,45
algo,rec_bigolive_broadcaster_feature_v3_orc,day=yyyy-mm-dd,45
algo,rec_bigolive_broadcaster_basic_feature_v3_orc,day=yyyy-mm-dd,45
algo,rec_bigolive_similarity_broadcaster_feature_14d_v3_orc,day=yyyy-mm-dd,45
algo,rec_bigolive_similarity_broadcaster_label_v3_orc,day=yyyy-mm-dd,45
algo,rec_bigolive_similarity_broadcaster_label_weight_v3_orc,day=yyyy-mm-dd,45
algo,rec_bigolive_similarity_broadcaster_sample_v3_orc,day=yyyy-mm-dd,45
algo,rec_bigolive_staytime_feature_v5_orc,day=yyyy-mm-dd,45
algo,rec_bigolive_gift_feature_v5_orc,day=yyyy-mm-dd,45
algo,rec_bigolive_miclink_feature_v5_orc,day=yyyy-mm-dd,45
algo,rec_bigolive_follow_feature_v5_orc,day=yyyy-mm-dd,45
algo,rec_bigolive_similarity_broadcaster_pair_d_v5_orc,day=yyyy-mm-dd,45
algo,rec_bigolive_similarity_broadcaster_feature_d_v5_f_orc,day=yyyy-mm-dd,45
algo,rec_bigolive_similarity_broadcaster_feature_30d_v5_f_orc,day=yyyy-mm-dd,45
algo,rec_bigolive_similarity_broadcaster_pair_30d_v5_orc,day=yyyy-mm-dd,45
algo,rec_bigolive_similarity_broadcaster_pair_count_orc,day=yyyy-mm-dd,45
algo,rec_bigolive_similarity_broadcaster_pair_freq_orc,day=yyyy-mm-dd,45
algo,rec_bigolive_game_feature_v5_orc,day=yyyy-mm-dd,45
algo,rec_bigolive_broadcaster_basic_feature_v5_f_orc,day=yyyy-mm-dd,45
algo,rec_bigolive_broadcaster_basic_feature_v6_f_orc,day=yyyy-mm-dd,45
algo,rec_bigolive_similarity_broadcaster_all_feature_v5_f_orc,day=yyyy-mm-dd,45
algo,rec_bigolive_similarity_broadcaster_all_feature_v6_f_orc,day=yyyy-mm-dd,45
algo,rec_bigolive_similarity_broadcaster_label_v5_orc,day=yyyy-mm-dd,45
algo,rec_bigolive_similarity_broadcaster_label_weight_v5_f_orc,day=yyyy-mm-dd,45
algo,rec_bigolive_similarity_broadcaster_label_weight_v6_f_orc,day=yyyy-mm-dd,45
algo,rec_bigolive_similarity_broadcaster_sample_v5_f_orc,day=yyyy-mm-dd,45
algo,rec_bigolive_similarity_broadcaster_sample_v6_f_orc,day=yyyy-mm-dd,45
algo,rec_bigolive_word2vec_pair_d_v4_orc,day=yyyy-mm-dd,45
algo,rec_bigolive_word2vec_bid_cnt_d_v4_orc,day=yyyy-mm-dd,45
algo,rec_bigolive_word2vec_bid_cnt_30d_v4_orc,day=yyyy-mm-dd,45
algo,rec_bigolive_word2vec_country_bid_v4_orc,day=yyyy-mm-dd,45
algo,rec_bigolive_word2vec_country_data_v4_orc,day=yyyy-mm-dd,45
algo,rec_bigolive_word2vec_bid_cnt_global_30d_v4_orc,day=yyyy-mm-dd,45
algo,rec_bigolive_word2vec_country_data_global_v4_orc,day=yyyy-mm-dd,45
algo,rec_bigolive_word2vec_training_data_d_orc,day=yyyy-mm-dd,45
algo,rec_bigolive_word2vec_training_data_30d_orc,day=yyyy-mm-dd,45
algo,rec_bigolive_country_dispatch_country_statis_orc,day=yyyy-mm-dd,45
algo,rec_bigolive_abflag_dispatch_country_statis_orc,day=yyyy-mm-dd,45
algo,rec_bigolive_dispatch_country_stay_time_v2_orc,day=yyyy-mm-dd,45
algo,rec_bigolive_scene_dispatch_statis_orc,day=yyyy-mm-dd,45
algo,rec_bigolive_domain_dispatch_statis_orc,day=yyyy-mm-dd,45
algo,rec_bigolive_country_dispatch_statis_orc,day=yyyy-mm-dd,45
algo,rec_bigolive_abflag_dispatch_statis_orc,day=yyyy-mm-dd,45
algo,rec_bigolive_dispatch_strategy_stay_time_orc,day=yyyy-mm-dd,45
algo,rec_bigolive_dispatch_strategy_detail_orc,day=yyyy-mm-dd,45
vlog,like_user_ats_reqfile_info,day=yyyy-mm-dd,15
tmp,indigo_wyf_tmp_uid_first_login_rank_allday_hour,day=yyyy-mm-dd,7
tmp,like_topic_view1,day=yyyy-mm-dd,30
tmp,like_video_event_detail,day=yyyy-mm-dd,30
vlog,like_recom_video_cover,day=yyyy-mm-dd,30
vlog,linkd_proto_stats_v2,day=yyyy-mm-dd,30
vlog,like_gcm_delivery_receipt,day=yyyy-mm-dd,30
algo,like_rec_video_mid,day=yyyy-mm-dd,7
algo,followeduid_uid_detail_daily,day=yyyy-mm-dd,7
algo,tow_month_dau_uid_detail_daily,day=yyyy-mm-dd,7
indigo_mediate_tb,indigo_feed_push_seqid_userid_client_day,day=yyyy-mm-dd,3
indigo_mediate_tb,indigo_feed_push_seqid_userid_client_new_day,day=yyyy-mm-dd,3
indigo_mediate_tb,indigo_feed_push_seqid_userid_xiafa_day,day=yyyy-mm-dd,3
indigo_mediate_tb,indigo_feed_push_seqid_userid_detail_day,day=yyyy-mm-dd,15
indigo_mediate_tb,tmp_wyf_feed_type,day=yyyy-mm-dd,3
tmp,indigo_wyf_tmp_uid_first_login_rank_day,day=yyyy-mm-dd,3
tmp,indigo_wyf_tmp_uid_first_login_rank_hour,day=yyyy-mm-dd,3
tmp,indigo_feed_new_userid_day_tmp,day=yyyy-mm-dd,3
tmp,indigo_wyf_tmp_userid_first_login_rank_day,day=yyyy-mm-dd,3
algo,push_hdid_userflag_mediatable,day=yyyy-mm-dd,7
algo,push_hdid_disp_click_mediatable,day=yyyy-mm-dd,7
algo,push_disp_click_config,day=yyyy-mm-dd,7
algo,welog_video_score_3d,day=yyyy-mm-dd,1
algo,welog_video_score_14d,day=yyyy-mm-dd,1
vlog,linkd_proto_http_stats,day=yyyy-mm-dd,30
vlog,video_algorithm_embedding_v2,day=yyyy-mm-dd,180
algo,welog_video_score_1h,day=yyyy-mm-dd,1
algo,followeduid_uid_detail_daily_wyj,day=yyyy-mm-dd,14
algo,dm_cover_old_ios_user_dispatch_v1_wjd,day=yyyy-mm-dd,30
vlog,like_push_ack_detail,day=yyyy-mm-dd,30
indigo_us,avmanager_ack_call_shard_a,day=yyyy-mm-dd,90
indigo_us,avmanager_ack_call_shard_b,day=yyyy-mm-dd,90
indigo_us,avmanager_ack_call_shard_c,day=yyyy-mm-dd,90
indigo_us,avmanager_ack_call_shard_d,day=yyyy-mm-dd,90
indigo_us,avmanager_ack_call_shard_e,day=yyyy-mm-dd,90
indigo_us,avmanager_ack_call_shard_f,day=yyyy-mm-dd,90
indigo_us,avmanager_ack_call_shard_g,day=yyyy-mm-dd,90
indigo_us,avmanager_ack_call_shard_h,day=yyyy-mm-dd,90
indigo_us,avmanager_ack_call_shard_i,day=yyyy-mm-dd,90
indigo_us,avmanager_ack_call_shard_j,day=yyyy-mm-dd,90
indigo_us,avmanager_ack_call_shard_k,day=yyyy-mm-dd,90
indigo_us,avmanager_ack_call_shard_l,day=yyyy-mm-dd,90
indigo_us,avmanager_ack_call_shard_m,day=yyyy-mm-dd,90
indigo_us,avmanager_ack_call_shard_n,day=yyyy-mm-dd,90
indigo_us,avmanager_ack_call_shard_o,day=yyyy-mm-dd,90
indigo_us,avmanager_ack_call_shard_p,day=yyyy-mm-dd,90
indigo_us,avmanager_call_completed_audio_chat_shard_a,day=yyyy-mm-dd,90
indigo_us,avmanager_call_completed_audio_chat_shard_b,day=yyyy-mm-dd,90
indigo_us,avmanager_call_completed_audio_chat_shard_c,day=yyyy-mm-dd,90
indigo_us,avmanager_call_completed_audio_chat_shard_d,day=yyyy-mm-dd,90
indigo_us,avmanager_call_completed_audio_chat_shard_e,day=yyyy-mm-dd,90
indigo_us,avmanager_call_completed_audio_chat_shard_f,day=yyyy-mm-dd,90
indigo_us,avmanager_call_completed_audio_chat_shard_g,day=yyyy-mm-dd,90
indigo_us,avmanager_call_completed_audio_chat_shard_h,day=yyyy-mm-dd,90
indigo_us,avmanager_call_completed_audio_chat_shard_i,day=yyyy-mm-dd,90
indigo_us,avmanager_call_completed_audio_chat_shard_j,day=yyyy-mm-dd,90
indigo_us,avmanager_call_completed_audio_chat_shard_k,day=yyyy-mm-dd,90
indigo_us,avmanager_call_completed_audio_chat_shard_l,day=yyyy-mm-dd,90
indigo_us,avmanager_call_completed_audio_chat_shard_m,day=yyyy-mm-dd,90
indigo_us,avmanager_call_completed_audio_chat_shard_n,day=yyyy-mm-dd,90
indigo_us,avmanager_call_completed_audio_chat_shard_o,day=yyyy-mm-dd,90
indigo_us,avmanager_call_completed_audio_chat_shard_p,day=yyyy-mm-dd,90
indigo_us,avmanager_call_not_answered_audio_chat_shard_a,day=yyyy-mm-dd,90
indigo_us,avmanager_call_not_answered_audio_chat_shard_b,day=yyyy-mm-dd,90
indigo_us,avmanager_call_not_answered_audio_chat_shard_c,day=yyyy-mm-dd,90
indigo_us,avmanager_call_not_answered_audio_chat_shard_d,day=yyyy-mm-dd,90
indigo_us,avmanager_call_not_answered_audio_chat_shard_e,day=yyyy-mm-dd,90
indigo_us,avmanager_call_not_answered_audio_chat_shard_f,day=yyyy-mm-dd,90
indigo_us,avmanager_call_not_answered_audio_chat_shard_g,day=yyyy-mm-dd,90
indigo_us,avmanager_call_not_answered_audio_chat_shard_h,day=yyyy-mm-dd,90
indigo_us,avmanager_call_not_answered_audio_chat_shard_i,day=yyyy-mm-dd,90
indigo_us,avmanager_call_not_answered_audio_chat_shard_j,day=yyyy-mm-dd,90
indigo_us,avmanager_call_not_answered_audio_chat_shard_k,day=yyyy-mm-dd,90
indigo_us,avmanager_call_not_answered_audio_chat_shard_l,day=yyyy-mm-dd,90
indigo_us,avmanager_call_not_answered_audio_chat_shard_m,day=yyyy-mm-dd,90
indigo_us,avmanager_call_not_answered_audio_chat_shard_n,day=yyyy-mm-dd,90
indigo_us,avmanager_call_not_answered_audio_chat_shard_o,day=yyyy-mm-dd,90
indigo_us,avmanager_call_not_answered_audio_chat_shard_p,day=yyyy-mm-dd,90
indigo_us,monitormanager_android_traffic_beta,day=yyyy-mm-dd,90
indigo_us,monitormanager_android_traffic_lite,day=yyyy-mm-dd,90
indigo_us,monitormanager_android_memory2_beta,day=yyyy-mm-dd,90
indigo_us,monitormanager_android_memory2_stable,day=yyyy-mm-dd,90
indigo_us,monitormanager_android_memory2_lite ,day=yyyy-mm-dd,90
indigo_us,monitormanager_appsflyer_info ,day=yyyy-mm-dd,90
indigo_us,monitormanager_nerv_vs_http,day=yyyy-mm-dd,90
indigo_us,monitormanager_normal_share2_beta,day=yyyy-mm-dd,90
indigo_us,monitormanager_normal_share2__stable,day=yyyy-mm-dd,90
indigo_us,monitormanager_story_stream_beta ,day=yyyy-mm-dd,90
indigo_us,monitormanager_story_stream_lite,day=yyyy-mm-dd,90
indigo_us,monitormanager_story_stream_stable ,day=yyyy-mm-dd,90
indigo_us,monitormanager_story_timing,day=yyyy-mm-dd,90
indigo_us,monitormanager_story_view_beta,day=yyyy-mm-dd,90
indigo_us,monitormanager_story_view_lite,day=yyyy-mm-dd,90
indigo_us,monitormanager_story_view_stable,day=yyyy-mm-dd,90
indigo_us,pin_observed_user_activity2,day=yyyy-mm-dd,90
indigo_us,pin_set_session_activity,day=yyyy-mm-dd,90
indigo_us,monitormanager_start_indigo_lite,day=yyyy-mm-dd,90
indigo_us,monitormanager_start_indigo_beta ,day=yyyy-mm-dd,90
indigo_us,monitormanager_start_indigo_stable ,day=yyyy-mm-dd,90
indigo_us,monitormanager_in_app_ios,day=yyyy-mm-dd,90
vlog,like_conn_no_enc_stat,day=yyyy-mm-dd,30
vlog,like_conn_no_enc_stat_batch,day=yyyy-mm-dd,30
vlog,like_common_push_info,day=yyyy-mm-dd,30
tmp,rec_like_event_orc_tmp_v1,day=yyyy-mm-dd,3
tmp,report_like_http_download_log1,day=yyyy-mm-dd,90
vlog,like_push_down_total_detail,day=yyyy-mm-dd,30
algo,like_follow_push_score,day=yyyy-mm-dd,7
algo,tmp_like_strategy_dispatch_day_basis_mix,day=yyyy-mm-dd,3
vlog,welog_user_link_status,day=yyyy-mm-dd,30
algo,operator_push_detail_mediatable,day=yyyy-mm-dd,7
mediate_tb,likee_has_actived_hdidlist_acc,day=yyyy-mm-dd,7
algo,like_rec_type_dispatch_day_basis,day=yyyy-mm-dd,5
tmp,like_video_exp_1,day=yyyy-mm-dd,15
dw_tmp,like_push_seqid_contenttype_hour,day=yyyy-mm-dd,14
algo,rec_like_video_info_statis_refer_and_region,day=yyyy-mm-dd,7
algo,rec_like_video_info_statis_refer,day=yyyy-mm-dd,7
algo,indigo_follow_push_score,day=yyyy-mm-dd,1
algo,like_follow_push_dedup,day=yyyy-mm-dd,1
algo,like_push_event,day=yyyy-mm-dd,1
algo,followeduid_uid_detail_daily_wyj_new,day=yyyy-mm-dd,14
algo,push_seqid_country_loginflag_arrive_disp_click,day=yyyy-mm-dd,14
tmp,lyl_like_exp_video_list_v3_4,day=yyyy-mm-dd,15
algo,operator_push_detail_flag_remain_mediatable,day=yyyy-mm-dd,30
algo,fans_top1000_followeduid_2month_dau_uid_detail,day=yyyy-mm-dd,7
algo,like_mdh_produce_video_90_day,day=yyyy-mm-dd,3
algo,like_operation_push_send_detail,day=yyyy-mm-dd,30
algo,action_score_like_follow_push_score,day=yyyy-mm-dd,7
algo,operator_push_user_state_new_version_tz_hour,day=yyyy-mm-dd,7
vlog,like_common_push_info_old,day=yyyy-mm-dd,30
vlog,like_user_event_0301030_old,day=yyyy-mm-dd,30
vlog,like_push_ack_detail_old,day=yyyy-mm-dd,30
vlog,like_push_down_total_detail_old,day=yyyy-mm-dd,30
dw_tmp,ads_like_user_tp_action_publish_success_tmp,day=yyyy-mm-dd,3
algo,like_wyj_source_funnel_video_daily,day=yyyy-mm-dd,90
algo,dws_like_rec_event,day=yyyy-mm-dd,30
like_dw_vvd,dws_like_vvd_his_acc_video_view,day=yyyy-mm-dd,90
like_dw_vvd,dws_like_vvd_his_acc_video_view_producer,day=yyyy-mm-dd,90
like_dw_sid,dws_like_sid_his_acc_video_page_viewer,day=yyyy-mm-dd,90
like_dw_sid,dws_like_sid_his_acc_video_page_producer,day=yyyy-mm-dd,90
like_dw_sid,dws_like_sid_his_acc_video_dislike_viewer,day=yyyy-mm-dd,90
like_dw_sid,dws_like_sid_his_acc_video_dislike_producer,day=yyyy-mm-dd,90
like_dw_sid,dws_like_sid_his_acc_follow,day=yyyy-mm-dd,90
like_dw_sid,dws_like_sid_his_acc_followed,day=yyyy-mm-dd,90
like_dw_sid,dws_like_sid_his_acc_video_share_viewer,day=yyyy-mm-dd,90
like_dw_sid,dws_like_sid_his_acc_video_share_producer,day=yyyy-mm-dd,90
like_dw_vpd,dws_like_vpd_his_acc_video_produce,day=yyyy-mm-dd,90
like_dw_uad,dws_like_uad_his_acc_app_use,day=yyyy-mm-dd,90
like_dw_upd,dws_like_upd_his_acc_push_msg_for_user,day=yyyy-mm-dd,90
algo,rec_like_video_info_statis_user_country,day=yyyy-mm-dd,14
algo,rec_like_video_info_statis_user_region,day=yyyy-mm-dd,14
algo,rec_like_video_tmp_3month_orc,day=yyyy-mm-dd,7
algo,indigo_rec_show_event_orc,day=yyyy-mm-dd,90
algo,indigo_rec_show_event_hour_orc,day=yyyy-mm-dd,90
algo,indigo_rec_show_event_hour_orc_tmp,day=yyyy-mm-dd,14
algo,indigo_rec_show_event_orc_tmp,day=yyyy-mm-dd,14
algo,bigolive_parser_features_log_orc,day=yyyy-mm-dd,30
indigo_mediate_tb,indigo_rec_show_event_orc_tmp,day=yyyy-mm-dd,3
indigo_mediate_tb,indigo_limingjun_bl_im_send_event_day,day=yyyy-mm-dd,90
indigo_mediate_tb,tmpindigo_post_id_social_tag_id_day_orc,day=yyyy-mm-dd,30
indigo,indigo_player_stat,day=yyyy-mm-dd,30
algo,rec_like_event_orc,day=yyyy-mm-dd,90
algo,rec_like_dispatch_orc,day=yyyy-mm-dd,90
hellotalk,hmmob_brpc_user_noble,day=yyyy-mm-dd,30
com_e_commerce_eu,ec_backend_event,day=yyyy-mm-dd,15
bigo_ad,bigo_ad_likeeboost_get_price,day=yyyy-mm-dd,732
bigolive,broom_theme_room_statistic,day=yyyy-mm-dd,180
bigo_ad,tracker_pixel_event,day=yyyy-mm-dd,180
hellotalk,hmhj_user_extra_read_yy,day=yyyy-mm-dd,15
hellotalk,hmhj_user_extra_db,day=yyyy-mm-dd,15
bigolive,live_donut_balance,day=yyyy-mm-dd,30
hellotalk,helloyo_immsg_getmessagereq,day=yyyy-mm-dd,90
hellotalk,helloyo_immsg_behavior,day=yyyy-mm-dd,90
hellotalk,hmmob_brpc_user_bubble,day=yyyy-mm-dd,30
hellotalk,helloyo_category_list_top_member,day=yyyy-mm-dd,60
hellotalk,helloyo_category_list_change,day=yyyy-mm-dd,60
hellotalk,helloyo_card_like,day=yyyy-mm-dd,15
bigolive,bigo_ban_server_record,day=yyyy-mm-dd,180
common,shumei_audio_audit,day=yyyy-mm-dd,365
hellotalk,helloyo_pull_card_event,day=yyyy-mm-dd,60
vlog,like_pc_user_event,day=yyyy-mm-dd,1098
bigo_ad,bigoad_dsp_gateway_dispatch,day=yyyy-mm-dd,180
bigo_ad,bigoad_dsp_winnotice,day=yyyy-mm-dd,180
bigolive,bigo_all_push_upstream,day=yyyy-mm-dd,180
bigolive,bigo_keyword_match_info,day=yyyy-mm-dd,365
bigolive,bigo_live_link_session,day=yyyy-mm-dd,90
bigolive,bigo_live_tieba_rec_event,day=yyyy-mm-dd,90
bigolive,bigo_live_traffic,day=yyyy-mm-dd,60
bigolive,bigo_live_yygw_stat,day=yyyy-mm-dd,30
bigolive,bigo_room_hot,day=yyyy-mm-dd,90
bigolive,bigo_room_realtime_info,day=yyyy-mm-dd,180
bigolive,bigo_text_audit_result,day=yyyy-mm-dd,60
bigolive,bigo_video_audit_result_hive,day=yyyy-mm-dd,180
bigolive,bigo_video_picture_audit_result,day=yyyy-mm-dd,60
bigolive,bigo_web_event_stat,day=yyyy-mm-dd,180
bigolive,broom_user_live_action_info,day=yyyy-mm-dd,180
bigolive,hello_yitu_api_info,day=yyyy-mm-dd,60
bigolive,live_sdk_audio_stats_event_all,day=yyyy-mm-dd,30
bigolive,live_sdk_video_stats_event_all,day=yyyy-mm-dd,30
bigolive,live_sdk_video_stats_event_simplification,day=yyyy-mm-dd,30
bigolive,machine_audit_predict_result,day=yyyy-mm-dd,90
bigolive,mlappfront_result,day=yyyy-mm-dd,180
bigolive,"	zhixu_operator_log",day=yyyy-mm-dd,60
common,cdn_imgts_ngx,day=yyyy-mm-dd,30
common,sensitive_word_request_record,day=yyyy-mm-dd,30
hellotalk,talk_mediasdk_event,day=yyyy-mm-dd,90
hellotalk,talk_proto_stat_report_v2,day=yyyy-mm-dd,90
indigo,imo_live_sdk_audio_stats_event_simplification,day=yyyy-mm-dd,30
indigo,imo_live_sdk_video_stats_event_simplification,day=yyyy-mm-dd,30
indigo,indigo_active_user_notify,day=yyyy-mm-dd,90
indigo,indigo_ad_config_dispatch,day=yyyy-mm-dd,180
indigo,indigo_feeds_push,day=yyyy-mm-dd,90
indigo,indigo_nerv_download_stats2,day=yyyy-mm-dd,180
indigo,indigo_video_event_log,day=yyyy-mm-dd,180
indigo,indigo_linkd_proto_stat,day=yyyy-mm-dd,30
vlog,bdp_2_tidb_consume_data,day=yyyy-mm-dd,30
vlog,brec_push_aggregation_like,day=yyyy-mm-dd,90
vlog,like_ad_trace,day=yyyy-mm-dd,30
vlog,like_crm_user_backend_event,day=yyyy-mm-dd,30
vlog,like_daily_report,day=yyyy-mm-dd,60
vlog,like_get_video_post_notify,day=yyyy-mm-dd,90
vlog,like_live_sdk_audio_stats_event_simplification,day=yyyy-mm-dd,90
vlog,like_post_play_from_imo,day=yyyy-mm-dd,90
vlog,like_profile_use,day=yyyy-mm-dd,60
vlog,like_push_feature_log,day=yyyy-mm-dd,180
vlog,like_rerank_feature_log,day=yyyy-mm-dd,60
vlog,like_sdk_audio_stats_event_all,day=yyyy-mm-dd,30
vlog,like_sdk_video_stats_event_all,day=yyyy-mm-dd,30
vlog,like_show_audience_stat,day=yyyy-mm-dd,90
vlog,like_show_media_stat,day=yyyy-mm-dd,90
vlog,like_upload_server_task_stats,day=yyyy-mm-dd,180
vlog,search_feature_log,day=yyyy-mm-dd,30
hellotalk,hello_room_hot_cal_info,day=yyyy-mm-dd,180
bigolive,live_ctry_hour_rank_topn_chg,day=yyyy-mm-dd,60
hellotalk,hello_room_theme_update,day=yyyy-mm-dd,60
bigolive,lbs_http_query_addr_info,day=yyyy-mm-dd,60
report_tb,ad_platform_bigohttp_req_time_cost_day,day=yyyy-mm-dd,182
report_tb,uid_event_data_day,day=yyyy-mm-dd,182
report_tb,uid_event_spam_predict_day,day=yyyy-mm-dd,182
report_tb,rip_features_data_day,day=yyyy-mm-dd,182
report_tb,tmp_channel_grade_video_view_day,day=yyyy-mm-dd,182
report_tb,new_id_vv_feature_day,day=yyyy-mm-dd,182
report_tb,new_hdid_feature_day,day=yyyy-mm-dd,182
report_tb,new_id_lt7_feature_day,day=yyyy-mm-dd,182
report_tb,like_spam_uid_event_feature,day=yyyy-mm-dd,182
bigolive,bigo_lbs_http_query_addr_info,day=yyyy-mm-dd,60
vlog,like_produce_hashtag_feature_log,day=yyyy-mm-dd,30
bigolive,bigolive_search_ab,day=yyyy-mm-dd,30
vlog,likeeboost_audit_event,day=yyyy-mm-dd,3
dw_tmp,dwd_imo_com_dim_snapshot_version_user,day=yyyy-mm-dd,7
dw_tmp,dwd_imo_com_dim_snapshot_version_user_call_uid,day=yyyy-mm-dd,7
dw_tmp,dwd_imo_com_dim_snapshot_version_user_pin_and_start_uid,day=yyyy-mm-dd,7
dw_tmp,dwd_imo_com_dim_snapshot_version_user_video_uid,day=yyyy-mm-dd,7
dw_tmp,bigolive_agents_purchase_order_orc,day=yyyy-mm-dd,7
dw_tmp,bigolive_offline_purchase_order_orc,day=yyyy-mm-dd,7
dw_tmp,bigolive_online_purchase_order,day=yyyy-mm-dd,7
dw_tmp,bigolive_online_purchase_order_orc,day=yyyy-mm-dd,7
dw_tmp,bigolive_online_purchase_order_tmp,day=yyyy-mm-dd,7
like_dw_ads,ads_like_video_tp_content_viewer_uid,day=yyyy-mm-dd,180
like_dw_ads,ads_like_user_tp_action_uid_producer_uid,day=yyyy-mm-dd,180
like_dw_ads,ads_like_user_tp_action_uid_hashtag,day=yyyy-mm-dd,180
like_dw_ups,ads_like_user_account_mediatable_uidlist_unique,day=yyyy-mm-dd,180
like_dw_ups,ads_like_user_account,day=yyyy-mm-dd,180
like_dw_ups,ads_like_user_act_adduid,day=yyyy-mm-dd,180
like_dw_ups,ads_com_user_info_mediatable_phone_num,day=yyyy-mm-dd,180
like_dw_ups,ads_like_ad_info,day=yyyy-mm-dd,180
like_dw_ads,ads_like_user_tp_action_uid_video_label,day=yyyy-mm-dd,180
like_dw_ups,ads_like_user_act_mediatable_his_acc,day=yyyy-mm-dd,180
like_dw_ups,ads_like_ad_info_adduid,day=yyyy-mm-dd,180
like_dw_ups,ads_com_user_info_mediatable_area,day=yyyy-mm-dd,180
like_dw_ups,ads_com_user_info_mediatable_age_sex,day=yyyy-mm-dd,180
like_dw_ups,ads_com_user_info_mediatable_language,day=yyyy-mm-dd,180
like_dw_ups,ads_like_user_account_mediatable_uidlist,day=yyyy-mm-dd,180
like_dw_ups,ads_com_user_info_mediatable_country,day=yyyy-mm-dd,180
like_dw_ups,ads_com_device_info_adduid,day=yyyy-mm-dd,180
like_dw_ups,ads_com_user_info_adduid,day=yyyy-mm-dd,180
bigolive,bigolive_user_event_rec_hour_011408001,day=yyyy-mm-dd,360
bigolive,bigolive_user_event_rec_hour_011411001,day=yyyy-mm-dd,90
bigolive,bigolive_user_event_rec_hour_011411002,day=yyyy-mm-dd,90
bigolive,bigolive_user_event_rec_hour_011411003,day=yyyy-mm-dd,90
bigolive,bigolive_user_event_rec_hour_011411004,day=yyyy-mm-dd,90
bigolive,bigolive_user_event_rec_hour_011411005,day=yyyy-mm-dd,360
bigolive,bigolive_user_event_rec_hour_011411006,day=yyyy-mm-dd,360
bigolive,bigolive_user_event_rec_hour_020201010,day=yyyy-mm-dd,360
bigolive,bigolive_user_event_rec_hour_020201011,day=yyyy-mm-dd,90
bigolive,bigolive_user_event_rec_hour_020201012,day=yyyy-mm-dd,90
vlog,like_user_event_010103001,day=yyyy-mm-dd,180
vlog,like_user_event_010106001,day=yyyy-mm-dd,180
vlog,like_user_event_0101004,day=yyyy-mm-dd,180
bigolive,bigo_show_user_event_010103001,day=yyyy-mm-dd,180
bigolive,bigo_show_user_event_010106001,day=yyyy-mm-dd,180
livelite,livelite_show_user_event_010106001,day=yyyy-mm-dd,180
livelite,livelite_show_user_event_010103001,day=yyyy-mm-dd,180
vlog,like_install_flink,day=yyyy-mm-dd,180
bigolive,bigo_install_flink,day=yyyy-mm-dd,180
livelite,livelite_install_flink,day=yyyy-mm-dd,180
livelite,livelite_daily_report_flink,day=yyyy-mm-dd,180
like_dw_ups,ads_like_poster_adduid,day=yyyy-mm-dd,180
like_dw_ups,ads_com_device_info,day=yyyy-mm-dd,180
like_dw_ups,ads_like_user_act_mediatable_active_flag,day=yyyy-mm-dd,180
like_dw_ups,ads_like_user_account_mediatable_basic_info,day=yyyy-mm-dd,180
like_dw_ups,ads_like_poster_mediatable_posteruid_fans_hotvideo_info,day=yyyy-mm-dd,180
like_dw_ups,ads_like_user_act_mediatable_install_flag,day=yyyy-mm-dd,180
like_dw_ups,ads_like_app_install_adduid,day=yyyy-mm-dd,180
like_dw_ups,ads_like_poster_mediatable_7days_carry_topic_producedays,day=yyyy-mm-dd,180
like_dw_ups,ads_like_poster_mediatable_content_flag_level,day=yyyy-mm-dd,180
like_dw_ups,ads_like_poster_mediatable_his_acc_xxdays_produce,day=yyyy-mm-dd,180
like_dw_ups,ads_like_app_install,day=yyyy-mm-dd,180
like_dw_ups,ads_like_poster_mediatable_active_flag,day=yyyy-mm-dd,180
like_dw_ups,ads_like_user_act_mediatable_7days_play_produce_pushlick,day=yyyy-mm-dd,180
like_dw_ups,ads_like_user_act_mediatable_follow_eachother_topic_cnt,day=yyyy-mm-dd,180
like_dw_ups,ads_like_user_act_mediatable_7days_list_playdays,day=yyyy-mm-dd,180
like_dw_ups,ads_like_user_act_mediatable_7days_interactdays,day=yyyy-mm-dd,180
like_dw_ads,ads_like_video_tp_content_with_user_country,day=yyyy-mm-dd,180
like_dw_ads,ads_like_video_tp_content_user_action,day=yyyy-mm-dd,180
like_dw_ups,ads_like_user_act,day=yyyy-mm-dd,180
like_dw_ups,ads_like_poster_mediatable_active_flag_hdid,day=yyyy-mm-dd,180
like_dw_ups,ads_like_poster,day=yyyy-mm-dd,180
like_dw_ups,ads_like_poster_mediatable_7days_carry_topic_producedays_hdid,day=yyyy-mm-dd,180
like_dw_ups,ads_like_poster_mediatable_hdid_fans_hotvideo_info,day=yyyy-mm-dd,180
like_dw_ads,ads_like_video_tp_hashtag_with_videoid,day=yyyy-mm-dd,180
like_dw_ads,ads_like_user_tp_action_uid_video_country,day=yyyy-mm-dd,180
like_dw_usd,dwd_like_usd_dim_search,day=yyyy-mm-dd,180
like_dw_ads,ads_like_user_tp_action_hdid_new_or_old,day=yyyy-mm-dd,180
like_dw_sid,dwd_like_sid_video_share,day=yyyy-mm-dd,360
like_dw_ads,ads_like_user_tp_action_uid_video_quality,day=yyyy-mm-dd,180
like_dw_ups,ads_like_poster_mediatable_uid_fans_detail_hdid,day=yyyy-mm-dd,180
like_dw_ads,ads_like_user_tp_action_uid_video_is_carry,day=yyyy-mm-dd,180
like_dw_ads,ads_like_user_tp_action_uid_new_or_old,day=yyyy-mm-dd,180
like_dw_ups,ads_like_poster_mediatable_uid_pgclevel_hotvideo_info_hdid,day=yyyy-mm-dd,180
like_dw_ups,ads_like_poster_mediatable_uid_pgclevel_hotvideo_info,day=yyyy-mm-dd,180
like_dw_ups,ads_like_poster_mediatable_his_acc_xxdays_produce_hdid,day=yyyy-mm-dd,180
like_dw_ups,ads_like_poster_mediatable_uid_fans_detail,day=yyyy-mm-dd,180
like_dw_lid,dws_like_lid_his_acc_live_watch_audience,day=yyyy-mm-dd,90
like_dw_ded,dwd_like_ded_video_dispatch,day=yyyy-mm-dd,180
like_dw_ded,dwd_like_ded_video_dispatch_no_abflag_strategy,day=yyyy-mm-dd,180
like_dw_ded,dwd_like_ded_video_exposure,day=yyyy-mm-dd,180
like_dw_abd,dwd_like_abd_dim_abtest_hdid_app,day=yyyy-mm-dd,180
like_dw_abd,dwd_like_abd_dim_abtest_deviceid_app,day=yyyy-mm-dd,180
like_dw_upd,dwd_like_upd_push_msg_arrive_seqid_uid,day=yyyy-mm-dd,360
like_dw_upd,dwd_like_upd_push_msg_send_seqid_uid,day=yyyy-mm-dd,360
like_dw_upd,dws_like_upd_push_msg_arrive_uid_1h_01,day=yyyy-mm-dd,180
like_dw_upd,dws_like_upd_push_msg_arrive_seqid_1h_01,day=yyyy-mm-dd,180
like_dw_upd,dws_like_upd_push_msg_send_uid_1h_01,day=yyyy-mm-dd,180
like_dw_ded,dws_like_ded_video_exposure_producer_1h_01,day=yyyy-mm-dd,180
like_dw_upd,dws_like_upd_push_msg_send_seqid_1h_01,day=yyyy-mm-dd,180
indigo,indigo_show_user_event_orc,day=yyyy-mm-dd,-1
like_dw_abd,dwd_like_abd_dim_abtest_uid_app,day=yyyy-mm-dd,180
like_dw_ded,dws_like_ded_video_dispatch_abflag_1h_01,day=yyyy-mm-dd,180
like_dw_ded,dws_like_ded_video_dispatch_viewer_1h_01,day=yyyy-mm-dd,180
like_dw_abd,dwd_like_abd_dim_abtest_hdid_rec,day=yyyy-mm-dd,180
like_dw_ded,dws_like_ded_video_exposure_viewer_1h_01,day=yyyy-mm-dd,180
like_dw_abd,dwd_like_abd_dim_abtest_uid_rec,day=yyyy-mm-dd,180
like_dw_abd,dwd_like_abd_dim_abtest_uid_ml,day=yyyy-mm-dd,180
like_dw_ded,dws_like_ded_video_dispatch_producer_1h_01,day=yyyy-mm-dd,180
like_dw_ads,ads_like_user_tp_retain_hdid_flag,day=yyyy-mm-dd,180
report_tb,ad_platform_host_time_cost_day,day=yyyy-mm-dd,90
report_tb,ad_platform_sdk_time_cost_day,day=yyyy-mm-dd,90
report_tb,ad_platform_adn_time_cost_day,day=yyyy-mm-dd,90
report_tb,ad_platform_deploy_time_cost_day,day=yyyy-mm-dd,90
report_tb,ad_platform_wrapper_analysis_time,day=yyyy-mm-dd,90
report_tb,ad_platform_video_download_time,day=yyyy-mm-dd,90
report_tb,ad_platform_events_hour_report,day=yyyy-mm-dd,90
report_tb,new_id_lt28_layer_day,day=yyyy-mm-dd,90
report_tb,common_ad_platform_open_screen_chain_day_maihaoqian,day=yyyy-mm-dd,90
report_tb,channel_grade_by_hdid_day,day=yyyy-mm-dd,90
report_tb,likee_channel_fraud_week,day=yyyy-mm-dd,90
algo,tieba_two_tower_sim_score_v2,day=yyyy-mm-dd,15
algo,bigolive_tieba_follow_predict_sample_feature_output_i_d,day=yyyy-mm-dd,15
algo,bigolive_tieba_follow_predict_sample_feature_pre_i_d,day=yyyy-mm-dd,15
algo,bigolive_tieba_follow_predict_sample_feature_origin_i_d,day=yyyy-mm-dd,15
algo,tieba_two_tower_sim_score,day=yyyy-mm-dd,15
algo,tieba_follow_pred_tmp,day=yyyy-mm-dd,15
tmp,event_log_detail,day=yyyy-mm-dd,31
bdp_binlog,ludo_core_myshard_tbl_common_stat_info_db_binlog,day=yyyy-mm-dd,90
bdp_binlog,zhixu_test_myshard_myshard_t_swa_audit_info_m_db_binlog,day=yyyy-mm-dd,90
bdp_binlog,hello_secondary_myshard_web_journey_bet_order_db_binlog,day=yyyy-mm-dd,90
bdp_binlog,hello_secondary_myshard_web_journey_buy_ticket_order_db_binlog,day=yyyy-mm-dd,90
bdp_binlog,hello_secondary_myshard_web_journey_distance_order_db_binlog,day=yyyy-mm-dd,90
bdp_binlog,hello_secondary_myshard_web_journey_exchange_order_db_binlog,day=yyyy-mm-dd,90
bdp_binlog,hello_secondary_myshard_web_journey_result_db_binlog,day=yyyy-mm-dd,90
bdp_binlog,hello_secondary_myshard_web_journey_ticket_order_db_binlog,day=yyyy-mm-dd,90
tmp,yjd_tmp_6_tuple,day=yyyy-mm-dd,31
tmp,bigolive_and_like_ip_info_event_050101008,day=yyyy-mm-dd,31
tmp,likee_live_abtest_uid_audience_test_step_2,day=yyyy-mm-dd,31
tmp,lrr_push_userlevel_uid_detail_temp22,day=yyyy-mm-dd,31
tmp,lrr_push_userlevel_uid_detail_temp1,day=yyyy-mm-dd,31
tmp,lrr_bigolive_newuser_1,day=yyyy-mm-dd,31
tmp,lyl_like_hdid_play_video_list_v320_v2,day=yyyy-mm-dd,31
tmp,guohao_likee_antisdk_uid_stat_daily,day=yyyy-mm-dd,7
tmp,guohao_imo_antisdk_uid_stat_daily,day=yyyy-mm-dd,7
tmp,lrr_push_userlevel_uid_detail_temp2,day=yyyy-mm-dd,31
tmp,lrr_push_userlevel_uid_detail_temp,day=yyyy-mm-dd,31
tmp,like_topic_video_exp,day=yyyy-mm-dd,31
tmp,tmp_avmanager_call_not_answered_video_chat_shard_all,day=yyyy-mm-dd,7
tmp,report_like_http_download_flink_log1_txtformat,day=yyyy-mm-dd,31
tmp,report_tanlingqiang_bigolive_and_like_clientip_uid_map_daily,day=yyyy-mm-dd,7
bdp_binlog,like_topic_myshard_welog_tbl_sensear_sort_ab_test_db_binlog,day=yyyy-mm-dd,90
bdp_binlog,like_topic_myshard_welog_sensear_force_sort_db_binlog,day=yyyy-mm-dd,90
tmp,ads_insights_tidb_ads_insights_tbl_agency_db_binlog,day=yyyy-mm-dd,90
bdp_binlog,imo_core_myshard_tbl_user_coin_db_binlog,day=yyyy-mm-dd,15
bdp_binlog,talego_talego_business_db_binlog,day=yyyy-mm-dd,90
bdp_binlog,talego_talego_group_db_binlog,day=yyyy-mm-dd,90
bdp_binlog,talego_talego_job_sequence_db_binlog,day=yyyy-mm-dd,90
bdp_binlog,talego_talego_job_time_db_binlog,day=yyyy-mm-dd,90
bdp_binlog,talego_talego_label_db_binlog,day=yyyy-mm-dd,90
bdp_binlog,talego_talego_mark_db_binlog,day=yyyy-mm-dd,90
bdp_binlog,talego_talego_material_digest_db_binlog,day=yyyy-mm-dd,90
bdp_binlog,talego_talego_mod_perm_db_binlog,day=yyyy-mm-dd,90
bdp_binlog,talego_talego_result_db_binlog,day=yyyy-mm-dd,90
bdp_binlog,talego_talego_result_for_category_db_binlog,day=yyyy-mm-dd,90
bdp_binlog,talego_talego_result_template_db_binlog,day=yyyy-mm-dd,90
bdp_binlog,talego_talego_task_business_db_binlog,day=yyyy-mm-dd,90
bdp_binlog,talego_talego_task_dataset_db_binlog,day=yyyy-mm-dd,90
bdp_binlog,talego_talego_task_entry_job_db_binlog,day=yyyy-mm-dd,90
bdp_binlog,talego_talego_ticket_db_binlog,day=yyyy-mm-dd,90
bdp_binlog,talego_talego_ticket_job_record_db_binlog,day=yyyy-mm-dd,90
bdp_binlog,talego_talego_user_db_binlog,day=yyyy-mm-dd,90
bdp_binlog,talego_talego_user_group_db_binlog,day=yyyy-mm-dd,90
bdp_binlog,talego_talego_work_db_binlog,day=yyyy-mm-dd,90
bdp_binlog,talego_talego_work_result_db_binlog,day=yyyy-mm-dd,90
bdp_binlog,talego_talego_work_ticket_db_binlog,day=yyyy-mm-dd,90
bdp_binlog,HelloSrv_myshard_virtual_gift_type_universal_db_binlog,day=yyyy-mm-dd,90
bdp_binlog,ludo_core_myshard_tbl_game_stat_info_db_binlog,day=yyyy-mm-dd,90
bdp_binlog,ads_insights_tidb_ads_insights_tbl_agency_db_binlog,day=yyyy-mm-dd,90
bdp_binlog,hello_secondary_myshard_web_new_user_invitation_db_binlog,day=yyyy-mm-dd,30
bdp_binlog,like_secondary_myshard_act_26098_gift_config_new_db_binlog,day=yyyy-mm-dd,90
bdp_binlog,like_secondary_myshard_act_26098_open_log_m_db_binlog,day=yyyy-mm-dd,90
bdp_binlog,hello_secondary_myshard_web_guild_for_game_log_db_binlog,day=yyyy-mm-dd,90
bdp_binlog,hello_secondary_myshard_web_guild_for_game_charge_use_db_binlog,day=yyyy-mm-dd,90
bdp_binlog,hello_secondary_myshard_web_guild_for_game_consume_use_db_binlog,day=yyyy-mm-dd,90
bdp_binlog,hello_secondary_myshard_web_guild_for_game_manage_use_db_binlog,day=yyyy-mm-dd,90
bdp_binlog,hello_secondary_myshard_web_guild_for_game_guild_info_db_binlog,day=yyyy-mm-dd,90
bdp_binlog,HelloSrv_myshard_hello_community_topics_db_binlog,day=yyyy-mm-dd,90
bdp_binlog,hello_secondary_myshard_web_guild_for_game_userlog_db_binlog,day=yyyy-mm-dd,90
bdp_binlog,HelloSrv_myshard_community_post_info_db_binlog,day=yyyy-mm-dd,90
bdp_binlog,HelloSrv_myshard_community_comment_info_db_binlog,day=yyyy-mm-dd,90
bdp_binlog,talego_talego_bfs_url_db_binlog,day=yyyy-mm-dd,90
bdp_binlog,hello_secondary_myshard_web_ht_15557_log_db_binlog,day=yyyy-mm-dd,0
bdp_binlog,zhixu_tag_platform_bigo_spider_content_tbl_spider_word_trend_db_binlog,day=yyyy-mm-dd,120
bdp_binlog,ksing_myshard_myshard_tbl_user_first_access_time_db_binlog,day=yyyy-mm-dd,365
bdp_binlog,ludo_core_myshard_user_invite_record_ludo_db_binlog,day=yyyy-mm-dd,90
bdp_binlog,tagging_system_tagging_system_tagging_bot_result_test_db_binlog,day=yyyy-mm-dd,90
bdp_binlog,like_act_myshard_ta_running_dice_data_live_db_binlog,day=yyyy-mm-dd,90
bdp_binlog,like_act_myshard_ta_running_reward_log_live_m_db_binlog,day=yyyy-mm-dd,90
bdp_binlog,like_act_myshard_ta_running_free_reward_live_db_binlog,day=yyyy-mm-dd,90
bdp_binlog,bigo_ia_ia_oss_recovery_summary_db_binlog,day=yyyy-mm-dd,90
bdp_binlog,bigo_ia_ia_oss_recovery_order_db_binlog,day=yyyy-mm-dd,90
bdp_binlog,bigolive_payment_myshard_platform_withdraw_order_db_binlog,day=yyyy-mm-dd,90
bdp_binlog,bigolive_core_myshard_paytm_withdraw_order_db_binlog,day=yyyy-mm-dd,90
bdp_binlog,bigolive_core_myshard_withdraw_order_db_binlog,day=yyyy-mm-dd,90
bdp_binlog,hello_secondary_myshard_web_compound_record_db_binlog,day=yyyy-mm-dd,3600
bdp_binlog,talego_talego_work_result_new_db_binlog,day=yyyy-mm-dd,90
bdp_binlog,ksing_myshard_myshard_tbl_user_feed_back_db_binlog,day=yyyy-mm-dd,90
bdp_binlog,bigolive_activity_myshard_guinness_record_db_binlog,day=yyyy-mm-dd,90
bdp_binlog,new_hello_core_db_myshard_web_yuan_act_lottery_order_db_binlog,day=yyyy-mm-dd,90
bdp_binlog,new_hello_core_db_myshard_web_yuan_act_lottery_record_db_binlog,day=yyyy-mm-dd,90
bdp_binlog,imo_job_act_myshard_myshard_pullman_db_binlog,day=yyyy-mm-dd,90
bdp_binlog,tagging_system_tagging_system_tagging_materials_hvv_db_binlog,day=yyyy-mm-dd,90
like_dw_ads,ads_like_video_tp_hashtag_with_user_country,day=yyyy-mm-dd,180
like_dw_sid,dwd_like_sid_video_dislike,day=yyyy-mm-dd,180
like_dw_sid,dws_like_sid_video_dislike_producer_1d_01,day=yyyy-mm-dd,180
like_dw_sid,dws_like_sid_video_dislike_viewer_1d_01,day=yyyy-mm-dd,180
like_dw_ded,dws_like_ded_video_dispatch_strategy_1h_01,day=yyyy-mm-dd,180
like_dw_lid,dws_like_lid_his_acc_live_watch_owner_01,day=yyyy-mm-dd,90
like_dw_lid,dws_like_lid_his_acc_live_watch_owner_02,day=yyyy-mm-dd,90
like_dw_sid,dws_like_sid_video_share_producer_1d_01,day=yyyy-mm-dd,360
like_dw_sid,dws_like_sid_video_share_viewer_1d_01,day=yyyy-mm-dd,360
bdp_binlog,bigolive_uncore_myshard_tbl_tieba_lang_db_binlog,day=yyyy-mm-dd,90
bdp_binlog,bigolive_core_myshard_tbl_plus_mark_db_binlog,day=yyyy-mm-dd,90
bdp_binlog,like_live_broadcast_myshard_tbl_hour_rank_top_db_binlog,day=yyyy-mm-dd,90
bdp_binlog,like_core_myshard_tbl_user_backpack_info_db_binlog,day=yyyy-mm-dd,88
bdp_binlog,like_core_myshard_tbl_backpack_item_info_db_binlog,day=yyyy-mm-dd,366
bdp_binlog,like_core_myshard_tbl_backpack_gift_log_m_db_binlog,day=yyyy-mm-dd,366
bdp_binlog,like_core_myshard_tbl_user_backpack_changelog_db_binlog,day=yyyy-mm-dd,366
live_dw_rvd,dws_bigolive_rvd_his_acc_user_gold_bean_change,day=yyyy-mm-dd,90
live_dw_rvd,dws_bigolive_rvd_his_acc_user_diamond_change,day=yyyy-mm-dd,90
like_dw_vvd,dws_like_vvd_video_view_push_seqid_1h_01,day=yyyy-mm-dd,180
like_dw_sid,dws_like_sid_video_page_push_seqid_1h_01,day=yyyy-mm-dd,180
like_dw_sid,dws_like_sid_video_share_push_seqid_1h_01,day=yyyy-mm-dd,180
like_dw_upd,dwd_like_upd_dim_push_msg,day=yyyy-mm-dd,180
indigo_us,monitormanager_macaw_video_chat_shard_a,day=yyyy-mm-dd,90
indigo_us,monitormanager_macaw_video_chat_shard_b,day=yyyy-mm-dd,90
indigo_us,monitormanager_macaw_video_chat_shard_c,day=yyyy-mm-dd,90
indigo_us,monitormanager_macaw_video_chat_shard_d,day=yyyy-mm-dd,90
indigo_us,monitormanager_macaw_video_chat_shard_e,day=yyyy-mm-dd,90
indigo_us,monitormanager_macaw_video_chat_shard_f,day=yyyy-mm-dd,90
indigo_us,monitormanager_macaw_video_chat_shard_g,day=yyyy-mm-dd,90
indigo_us,monitormanager_macaw_video_chat_shard_h,day=yyyy-mm-dd,90
indigo_us,monitormanager_macaw_video_chat_shard_i,day=yyyy-mm-dd,90
indigo_us,monitormanager_macaw_video_chat_shard_j,day=yyyy-mm-dd,90
indigo_us,monitormanager_macaw_video_chat_shard_k,day=yyyy-mm-dd,90
indigo_us,monitormanager_macaw_video_chat_shard_l,day=yyyy-mm-dd,90
indigo_us,monitormanager_macaw_video_chat_shard_m,day=yyyy-mm-dd,90
indigo_us,monitormanager_macaw_video_chat_shard_n,day=yyyy-mm-dd,90
indigo_us,monitormanager_macaw_video_chat_shard_o,day=yyyy-mm-dd,90
indigo_us,monitormanager_macaw_video_chat_shard_p,day=yyyy-mm-dd,90
bdp_binlog,like_act_myshard_ta_running_dice_data_likee_db_binlog,day=yyyy-mm-dd,90
bdp_binlog,like_act_myshard_ta_running_free_reward_likee_db_binlog,day=yyyy-mm-dd,90
bdp_binlog,like_topic_myshard_welog_tbl_hotspot_info_db_binlog,day=yyyy-mm-dd,90
bdp_binlog,like_act_myshard_ta_running_reward_log_likee_m_db_binlog,day=yyyy-mm-dd,90
bdp_binlog,like_topic_myshard_welog_tbl_hot_video_rank_db_binlog,day=yyyy-mm-dd,90
bdp_binlog,like_live_broadcast_myshard_like_act_16982_tags_db_binlog,day=yyyy-mm-dd,90
bdp_binlog,like_live_broadcast_myshard_like_act_16982_tag_white_uids_db_binlog,day=yyyy-mm-dd,90
bdp_binlog,like_secondary_myshard_crm_user_db_binlog,day=yyyy-mm-dd,90
bdp_binlog,like_secondary_myshard_crm_novel_task_reward_db_binlog,day=yyyy-mm-dd,90
bdp_binlog,like_secondary_myshard_act_kiki_cultivate_first_use_db_binlog,day=yyyy-mm-dd,90
bdp_binlog,fanshu_core_myshard_web_fanshu_act_lottery_order_db_binlog,day=yyyy-mm-dd,90
bdp_binlog,fanshu_core_myshard_web_fanshu_act_lottery_record_db_binlog,day=yyyy-mm-dd,90
bdp_binlog,hello_stats_hello_stats_hello_room_rank_info_ycm_db_binlog,day=yyyy-mm-dd,90
bdp_binlog,zhixu_tag_platform_bigo_spider_content_tbl_spider_trend_task_db_binlog,day=yyyy-mm-dd,120
bigo_ad,bigo_ad_config_dispatch_parquet_v1,day=yyyy-mm-dd,90
bigo_ad,bigo_adx_dispatch_parquet_v1,day=yyyy-mm-dd,180
bigo_ad,bigoad_dsp_gateway_dispatch_parquet_v1,day=yyyy-mm-dd,180
bdp_binlog,bigolive_activity_myshard_tbl_interval_reward_cert_db_binlog,day=yyyy-mm-dd,90
bdp_binlog,like_live_broadcast_myshard_tbl_white_list_v2_rule_db_binlog,day=yyyy-mm-dd,90
bdp_binlog,like_live_broadcast_myshard_tbl_white_list_v2_join_db_binlog,day=yyyy-mm-dd,90
bdp_binlog,hello_secondary_myshard_web_act_25083_wish_order_db_binlog,day=yyyy-mm-dd,720
bdp_binlog,hello_secondary_myshard_web_act_25083_wish_award_db_binlog,day=yyyy-mm-dd,720
live_dw_lid,dwd_bigolive_lid_live_watch,day=yyyy-mm-dd,720
live_dw_lid,dws_bigolive_lid_audience_uid_1d_01,day=yyyy-mm-dd,720
live_dw_lid,dws_bigolive_lid_owner_uid_1d_01,day=yyyy-mm-dd,720
live_dw_lid,dws_bigolive_lid_owner_roomid_1d_01,day=yyyy-mm-dd,720
live_dw_ads,ads_bigolive_user_tp_action_uid,day=yyyy-mm-dd,720
live_dw_ads,ads_bigolive_user_tp_action_uid_audience_with_owner,day=yyyy-mm-dd,720
live_dw_ads,ads_bigolive_user_tp_action_uid_live_owner_with_livescence,day=yyyy-mm-dd,720
live_dw_ads,ads_bigolive_user_tp_action_uid_audience_with_livescence,day=yyyy-mm-dd,720
bdp_binlog,HelloSrv_myshard_virtual_car_type_db_binlog,day=yyyy-mm-dd,3600
bdp_binlog,short_video_oss_myshard_t_sensitive_word_bus_r_db_binlog,day=yyyy-mm-dd,90
bdp_binlog,short_video_oss_myshard_t_sensitive_word_db_binlog,day=yyyy-mm-dd,90
bdp_binlog,imo_push_myshard_tbl_imo_push_text_template_db_binlog,day=yyyy-mm-dd,90
bdp_binlog,imo_push_myshard_tbl_imo_push_text_meta_db_binlog,day=yyyy-mm-dd,90
bdp_binlog,HelloSrv_myshard_user_buy_car_request_m_db_binlog,day=yyyy-mm-dd,3600
bdp_binlog,bigolive_payment_myshard_platform_gpay_address_log_db_binlog,day=yyyy-mm-dd,90
bdp_binlog,bigolive_payment_myshard_platform_gpay_address_db_binlog,day=yyyy-mm-dd,90
bdp_binlog,bigolive_payment_myshard_platform_tradition_address_log_db_binlog,day=yyyy-mm-dd,90
bdp_binlog,bigolive_payment_myshard_platform_tradition_address_db_binlog,day=yyyy-mm-dd,90
bdp_binlog,bigolive_payment_myshard_platform_payoneer_address_log_db_binlog,day=yyyy-mm-dd,90
bdp_binlog,bigolive_payment_myshard_platform_payoneer_address_db_binlog,day=yyyy-mm-dd,90
bdp_binlog,bigolive_payment_myshard_platform_paytm_address_log_db_binlog,day=yyyy-mm-dd,90
bdp_binlog,bigolive_payment_myshard_platform_paytm_address_db_binlog,day=yyyy-mm-dd,90
bdp_binlog,bigolive_payment_myshard_platform_airwallex_address_log_db_binlog,day=yyyy-mm-dd,90
bdp_binlog,bigolive_payment_myshard_platform_airwallex_address_db_binlog,day=yyyy-mm-dd,90
bdp_binlog,hello_secondary_myshard_web_hello_big_client_info_db_binlog,day=yyyy-mm-dd,90
like_dw_vpd,dwd_like_vpd_video_produce_tmp,day=yyyy-mm-dd,7
mediate_tb,lqt_like_day_follow_video_live_source_country_all,day=yyyy-mm-dd,180
mediate_tb,dw_like_active_hdid_follow_ralationship_action_day,day=yyyy-mm-dd,180
mediate_tb,like_uid_follow_poster_last_7d,day=yyyy-mm-dd,180
algo,like_mdh_abtest_label_dispatch_duplicate,day=yyyy-mm-dd,7
mediate_tb,dw_like_active_hdid_follow_ralationship_day,day=yyyy-mm-dd,180
mediate_tb,like_comment_video_view_detail,day=yyyy-mm-dd,90
mediate_tb,lqt_like_day_follow_video_source_country_all,day=yyyy-mm-dd,180
algo,like_mdh_top_rankings_video_v1,day=yyyy-mm-dd,180
mediate_tb,like_people_rec_abtest_follow_uid_list,day=yyyy-mm-dd,180
algo,like_mdh_poster_dau_remain,day=yyyy-mm-dd,90
algo,like_mdh_video_consume_mix,day=yyyy-mm-dd,180
algo,like_mdh_poster_rankings,day=yyyy-mm-dd,180
mediate_tb,dm_like_backstage_abtest_report_user,day=yyyy-mm-dd,90
algo,like_mdh_abtest_label_dispatch_v1,day=yyyy-mm-dd,7
mediate_tb,lqt_like_day_follow_video_live_source_country,day=yyyy-mm-dd,180
mediate_tb,like_hdid_page_times_day,day=yyyy-mm-dd,180
algo,like_mdh_poster_basic_information,day=yyyy-mm-dd,180
algo,like_mdh_age_video_mid,day=yyyy-mm-dd,30
algo,like_mdh_top_rankings_video,day=yyyy-mm-dd,180
algo,like_mdh_label_v2_post_total_daily,day=yyyy-mm-dd,30
algo,like_mdh_ee_poster_daily,day=yyyy-mm-dd,180
algo,like_mdh_recommend_scene_dispatch_follow_uid,day=yyyy-mm-dd,90
algo,like_mdh_strategy_dispatch_basis,day=yyyy-mm-dd,7
algo,like_mdh_ee_video_daily,day=yyyy-mm-dd,180
algo,dw_like_hdid_play_reslevel_data_day,day=yyyy-mm-dd,180
algo,like_mdh_poster_consume_mix,day=yyyy-mm-dd,180
algo,like_mdh_poster_produce,day=yyyy-mm-dd,180
algo,like_wh_strategy_dispatch_hour_basis_v1,day=yyyy-mm-dd,90
algo,like_mdh_label_v2_consume_day,day=yyyy-mm-dd,180
algo,like_mdh_recommend_scene,day=yyyy-mm-dd,90
report_tb,like_mdh_rec_video_content,day=yyyy-mm-dd,180
algo,like_mdh_poster_fans_total,day=yyyy-mm-dd,180
algo,dw_like_hdid_record_pv_day,day=yyyy-mm-dd,180
mediate_tb,like_uid_follow_relationship_source,day=yyyy-mm-dd,365
algo,dw_like_hdid_info_list_day,day=yyyy-mm-dd,365
algo,like_mdh_poster_distribution_01,day=yyyy-mm-dd,90
mediate_tb,like_hdid_uid_rank_day_orc,day=yyyy-mm-dd,365
algo,like_mdh_vertical_basic_information,day=yyyy-mm-dd,90
mediate_tb,dw_like_region_hdid_action_day,day=yyyy-mm-dd,180
algo,dw_like_hdid_model_type_day,day=yyyy-mm-dd,180
mediate_tb,like_uid_hdid_day_orc_v2,day=yyyy-mm-dd,180
mediate_tb,like_active_hdid_video_live_action_remain_day,day=yyyy-mm-dd,365
algo,dw_like_hdid_explore_search_pv_day,day=yyyy-mm-dd,365
mediate_tb,like_active_hdid_video_live_action_day,day=yyyy-mm-dd,365
mediate_tb,like_hdid_tt_type,day=yyyy-mm-dd,180
algo,like_mdh_poster_distribution_02,day=yyyy-mm-dd,90
algo,like_mdh_vertical_video_url,day=yyyy-mm-dd,30
algo,like_mdh_hash_tag_video_vv,day=yyyy-mm-dd,30
algo,like_mdh_age_video_stats,day=yyyy-mm-dd,30
algo,like_mdh_poster_fans_increase,day=yyyy-mm-dd,180
algo,like_mdh_composition_dispatch_cnt,day=yyyy-mm-dd,30
report_tb,like_mdh_poster_rankings,day=yyyy-mm-dd,180
mediate_tb,like_active_hdid_app_use_time_remain_day,day=yyyy-mm-dd,365
algo,like_mdh_hash_tag_whitelist_video_daily,day=yyyy-mm-dd,30
mediate_tb,like_active_hdid_followtab_remain,day=yyyy-mm-dd,365
mediate_tb,like_active_hdid_app_use_time_day,day=yyyy-mm-dd,365
mediate_tb,like_active_hdid_followtab_data,day=yyyy-mm-dd,365
algo,like_mdh_abtest_strategy_user,day=yyyy-mm-dd,365
mediate_tb,like_active_hdid_his_follow_cnt,day=yyyy-mm-dd,365
mediate_tb,like_active_hdid_new_follow_data,day=yyyy-mm-dd,365
mediate_tb,like_active_hdid_nearbytab_remain,day=yyyy-mm-dd,365
mediate_tb,like_active_hdid_nearbytab_data,day=yyyy-mm-dd,365
algo,like_mdh_poster_dau_fans,day=yyyy-mm-dd,180
mediate_tb,like_active_hdid_nearbytab_message_data,day=yyyy-mm-dd,365
algo,like_mdh_top_rankings_poster,day=yyyy-mm-dd,180
algo,like_mdh_poster_dau_rate,day=yyyy-mm-dd,180
algo,like_mdh_poster_fans_type_consume,day=yyyy-mm-dd,365
algo,like_mdh_poster_fans_mau,day=yyyy-mm-dd,365
algo,like_mdh_label_v2_video_idf,day=yyyy-mm-dd,30
algo,like_mdh_producer_day_level,day=yyyy-mm-dd,90
algo,like_mdh_top_rankings_spider,day=yyyy-mm-dd,180
algo,like_mdh_poster_follow_source_30day,day=yyyy-mm-dd,90
report_tb,lqt_like_day_a_b_live_anchor_audience_test_1,day=yyyy-mm-dd,180
algo,like_mdh_poster_fans_type_new,day=yyyy-mm-dd,365
report_tb,like_live_audience_event_list_orc,day=yyyy-mm-dd,180
algo,like_mdh_poster_fans_type,day=yyyy-mm-dd,365
algo,like_mdh_poster_play_fans,day=yyyy-mm-dd,180
algo,like_mdh_poster_follow_source,day=yyyy-mm-dd,90
algo,like_mdh_dedup_video_90days,day=yyyy-mm-dd,7
mediate_tb,like_comment_interaction_detail,day=yyyy-mm-dd,90
mediate_tb,dm_like_service_uid_country_orc_v2,day=yyyy-mm-dd,365
report_tb,like_mdh_poster_dau_remain,day=yyyy-mm-dd,180
report_tb,like_mdh_exploring_poster_daily,day=yyyy-mm-dd,180
algo,like_mdh_poster_avg_consumption,day=yyyy-mm-dd,90
mediate_tb,like_india_state_retetion_v2_test,day=yyyy-mm-dd,365
mediate_tb,like_comment_dau_detail,day=yyyy-mm-dd,90
algo,like_mdh_poster_roi_consume,day=yyyy-mm-dd,90
indigo_mediate_tb,indigo_feed_new_request_get_uid_day_orc,day=yyyy-mm-dd,92
indigo_mediate_tb,indigo_zhuangxiaoyi_story_show_detail_day,day=yyyy-mm-dd,92
indigo_mediate_tb,indigo_zhuangxiaoyi_story_stream_detail_day,day=yyyy-mm-dd,92
indigo_mediate_tb,indigo_zhuangxiaoyi_story_view_detail_day,day=yyyy-mm-dd,92
indigo_mediate_tb,indigo_zhuangxiaoyi_story_sent_detail_day,day=yyyy-mm-dd,92
indigo_mediate_tb,indigo_yuanyang_story_yesterday_use_day,day=yyyy-mm-dd,92
indigo_mediate_tb,indigo_zhuangxiaoyi_story_set_view_rate,day=yyyy-mm-dd,92
indigo_mediate_tb,indigo_zhuangxiaoyi_uid_friends_info_day,day=yyyy-mm-dd,92
indigo_mediate_tb,indigo_zhuangxiaoyi_feed_retention_abflag1,day=yyyy-mm-dd,92
indigo_mediate_tb,indigo_zhuangxiaoyi_feed_retention_abflag_report,day=yyyy-mm-dd,92
indigo_mediate_tb,indigo_feed_abtest_retention_report_passive,day=yyyy-mm-dd,92
indigo_mediate_tb,indigo_feed_abtest_retention_report_active,day=yyyy-mm-dd,92
indigo_mediate_tb,indigo_zhuangxiaoyi_worldfeed_abtest_client_info_tmp,day=yyyy-mm-dd,92
indigo_mediate_tb,indigo_feed_abtest_retention_report_imo,day=yyyy-mm-dd,92
indigo_mediate_tb,indigo_feed_abtest_retention_report_dispatched,day=yyyy-mm-dd,92
indigo_mediate_tb,indigo_zxy_world_channel_uid_tmp,day=yyyy-mm-dd,92
indigo_mediate_tb,indigo_zxy_world_channel_uid_update,day=yyyy-mm-dd,92
algo,indigo_rec_show_event_hour_orc_new_tmp,day=yyyy-mm-dd,31
algo,rec_indigo_video_tmp_3month_orc,day=yyyy-mm-dd,92
algo,indigo_user_apps,day=yyyy-mm-dd,31
algo,indigo_ws_rec_show_event_orc_tmp,day=yyyy-mm-dd,31
algo,indigo_user_poster_stat,day=yyyy-mm-dd,31
algo,indigo_ws_rec_show_event_orc,day=yyyy-mm-dd,92
algo,indigo_follow_push_online,day=yyyy-mm-dd,31
tmp,avmanager_ack_call_shard_a,day=yyyy-mm-dd,90
tmp,pin_observed_user_activity2,day=yyyy-mm-dd,90
indigo_mediate_tb,indigo_relation_buddylink_day,day=yyyy-mm-dd,90
indigo_mediate_tb,indigo_zoutianyu_ad_show_stable_mediate,day=yyyy-mm-dd,30
indigo_mediate_tb,abflag_for_client_abtest,day=yyyy-mm-dd,30
indigo_mediate_tb,indigo_zoutianyu_abflag_for_ios_client_abtest,day=yyyy-mm-dd,30
indigo_mediate_tb,indigo_wyf_contect_detail_day_imo_dau,day=yyyy-mm-dd,30
indigo_mediate_tb,indigo_feed_uid_vv_strategy_hour,day=yyyy-mm-dd,30
indigo_mediate_tb,indigo_lmj_ad_chatlist_firstscreen_tmpad00,day=yyyy-mm-dd,30
indigo_mediate_tb,imo_world_resource_operation_orc,day=yyyy-mm-dd,31
indigo_mediate_tb,imo_world_abtest_client_info,day=yyyy-mm-dd,31
report_tb,history_imo_av_call_quality_sunweihong,day=yyyy-mm-dd,92
report_tb,imo_video_call_quality_swh,day=yyyy-mm-dd,92
report_tb,imo_av_group_call_quality_swh,day=yyyy-mm-dd,92
report_tb,imo_av_remain1_7_transform_ab_exp,day=yyyy-mm-dd,92
report_tb,imo_av_remain1_7_ab_exp,day=yyyy-mm-dd,92
report_tb,imo_av_basic_ab_exp,day=yyyy-mm-dd,92
report_tb,imo_us_audio_call_quality_detail_sunweihong,day=yyyy-mm-dd,182
report_tb,imo_us_video_call_quality_detail_sunweihong,day=yyyy-mm-dd,182
report_tb,imo_us_audio_call_server_stats_weijing,day=yyyy-mm-dd,182
indigo_mediate_tb,indigochannels_subscribe_all,day=yyyy-mm-dd,31
indigo_mediate_tb,indigo_zhuangxiaoyi_worldfeed_resource_all_dis_action_info,day=yyyy-mm-dd,31
indigo_mediate_tb,indigo_rec_orc_abflag_info_v2,day=yyyy-mm-dd,31
indigo_mediate_tb,indigo_feed_zyj_producer_post_30tian,day=yyyy-mm-dd,31
indigo_mediate_tb,indigo_feed_uid_post_view,day=yyyy-mm-dd,31
indigo_mediate_tb,indigo_feed_transnation_uid_info,day=yyyy-mm-dd,31
indigo_mediate_tb,indigo_feed_transnation_uid_info_2,day=yyyy-mm-dd,31
indigo_mediate_tb,indigo_feed_transnation_push_uid_info,day=yyyy-mm-dd,31
indigo_mediate_tb,indigo_feed_show_transnation_userid_info,day=yyyy-mm-dd,31
indigo_mediate_tb,indigo_feed_action_view_info_orc,day=yyyy-mm-dd,31
indigo_mediate_tb,indigo_feed_abtest_action_stat,day=yyyy-mm-dd,31
indigo_mediate_tb,indigo_feed_abtest_action_stat_day,day=yyyy-mm-dd,31
indigo_mediate_tb,imo_world_resource_operation_orc_tmp,day=yyyy-mm-dd,31
indigo_mediate_tb,imo_world_resource_all_dis_action_info,day=yyyy-mm-dd,31
indigo_mediate_tb,imo_world_resource_all_dis_action_info_tmp,day=yyyy-mm-dd,31
indigo_mediate_tb,imo_transnation_uid_info,day=yyyy-mm-dd,31
indigo_mediate_tb,imo_subscription_userid_follow_page_info_day,day=yyyy-mm-dd,31
indigo_mediate_tb,imo_feed_vv_ratio,day=yyyy-mm-dd,31
indigo_mediate_tb,imo_feed_spider_post_list_day_v2,day=yyyy-mm-dd,31
indigo_mediate_tb,imo_feed_spider_post_dispatch_v2,day=yyyy-mm-dd,31
indigo_mediate_tb,indigo_rec_orc_abflag_info,day=yyyy-mm-dd,92
indigo_mediate_tb,indigo_action_uid_list,day=yyyy-mm-dd,92
indigo_mediate_tb,imo_feed_abtest_client_info,day=yyyy-mm-dd,92
indigo_mediate_tb,imo_audio_uid_list,day=yyyy-mm-dd,92
indigo_mediate_tb,indigo_wyf_contect_detail_day_world_dau,day=yyyy-mm-dd,7
indigo_mediate_tb,indigo_wyf_contect_detail_day_ksing_dau,day=yyyy-mm-dd,7
indigo_mediate_tb,indigo_wyf_contect_detail_day_imo_7,day=yyyy-mm-dd,7
indigo_mediate_tb,indigo_wyf_contect_detail_day_imo_30,day=yyyy-mm-dd,7
indigo_mediate_tb,indigo_wyf_contect_detail_day_world_uv,day=yyyy-mm-dd,7
indigo_mediate_tb,indigo_wyf_story_vv_detail_day,day=yyyy-mm-dd,7
indigo_mediate_tb,indigo_feed_uid_tag_strategy_abflag_day,day=yyyy-mm-dd,7
indigo_mediate_tb,indigo_wyf_contect_detail_day_ksing_uv,day=yyyy-mm-dd,7
indigo_mediate_tb,indigo_feed_uid_pid_advertisement_day_orc,day=yyyy-mm-dd,31
indigo_mediate_tb,indigo_rec_show_event_orc,day=yyyy-mm-dd,92
indigo_mediate_tb,indigo_wyf_ad_userid_detail_hour,day=yyyy-mm-dd,92
indigo_mediate_tb,indigo_wyf_contect_type_day,day=yyyy-mm-dd,92
indigo_mediate_tb,indigo_feed_uid_action_entrance_switch_day,day=yyyy-mm-dd,92
indigo_mediate_tb,indigo_feed_detail_follow_status_day,day=yyyy-mm-dd,92
indigo_mediate_tb,indigo_feed_last_getentry_day,day=yyyy-mm-dd,92
indigo_mediate_tb,indigo_feed_userid_first_page_view_day,day=yyyy-mm-dd,92
indigo_mediate_tb,indigo_feed_follow_push_uid,day=yyyy-mm-dd,92
indigo_mediate_tb,indigo_feed_detail_follow_day,day=yyyy-mm-dd,92
indigo_mediate_tb,indigo_feed_uid_entrance_switch_day,day=yyyy-mm-dd,92
indigo_mediate_tb,indigo_feed_uid_logintimes_day,day=yyyy-mm-dd,92
indigo_mediate_tb,tbl_ad_post_uid_stats_day,day=yyyy-mm-dd,92
indigo_mediate_tb,indigo_feed_uid_follow_num_all,day=yyyy-mm-dd,92
indigo_mediate_tb,indigo_feed_push_seqid_day,day=yyyy-mm-dd,92
indigo_mediate_tb,indigo_world_uid_vv_strategy_day,day=yyyy-mm-dd,92
indigo_mediate_tb,indigo_wyf_call_gaididfa_detail_day,day=yyyy-mm-dd,92
indigo_mediate_tb,indigo_feed_push_seqid_userid_detail_day_v2,day=yyyy-mm-dd,92
indigo_mediate_tb,indigo_feed_vv_report_day_region,day=yyyy-mm-dd,92
indigo_mediate_tb,indigo_wyf_superme_product_uid_detail_day,day=yyyy-mm-dd,92
indigo_mediate_tb,indigo_wyf_uid_cc_last_dispatch_day,day=yyyy-mm-dd,92
indigo_mediate_tb,indigo_feed_uid_pageview_day,day=yyyy-mm-dd,92
indigo_mediate_tb,indigo_feed_pid_advertisement_day,day=yyyy-mm-dd,92
indigo_mediate_tb,indigo_wyf_ksing_imouid_bag_month,day=yyyy-mm-dd,92
indigo_mediate_tb,tbl_inactive_uid_group,day=yyyy-mm-dd,92
indigo_mediate_tb,ksing_wyf_channel_monthuidbag_info,day=yyyy-mm-dd,92
indigo_mediate_tb,indigo_story_leave_uid_hour_day,day=yyyy-mm-dd,92
algo,likee_live_recall_lr_pos_data,day=yyyy-mm-dd,31
algo,rec_live_popular_feature_log_orc,day=yyyy-mm-dd,31
algo,rec_live_popular_feature_log_orc_v2,day=yyyy-mm-dd,31
algo,rec_live_popular_feature_log_orc_v3,day=yyyy-mm-dd,31
report_tb,bigolive_yty_country_language_live_uid,day=yyyy-mm-dd,90
algo,rec_live_popular_exposure_v1_feature_log_orc_v3,day=yyyy-mm-dd,31
report_tb,likelive_wj_audience_ab_jishu_s,day=yyyy-mm-dd,90
algo,rec_bigolive_intimacy_feature_orc,day=yyyy-mm-dd,31
report_tb,bigolive_wj_pos_sdk_video_stats_event_all_owner_audience,day=yyyy-mm-dd,31
report_tb,bigolive_wj_owner_abtest_for_web_audience_hdid,day=yyyy-mm-dd,90
algo,rec_live_popular_exposure_v2_feature_log_orc_v3,day=yyyy-mm-dd,31
algo,likee_live_recall_lr_positive_data_v2,day=yyyy-mm-dd,31
report_tb,bigolive_yty_owner_live_5min,day=yyyy-mm-dd,31
algo,likee_live_user_intimacy_socre_orc,day=yyyy-mm-dd,31
report_tb,bigolive_lx_owner_abtest_jishu_tongyong_audience_uid,day=yyyy-mm-dd,90
report_tb,bigolive_wj_pos_sdk_video_stats_event_allv1,day=yyyy-mm-dd,90
algo,likee_live_recall_lr_positive_data,day=yyyy-mm-dd,180
algo,likee_live_arrow_socre_orc,day=yyyy-mm-dd,31
algo,rec_bigolive_zhuzhongzhi_push_detail_v2,day=yyyy-mm-dd,31
report_tb,bigolive_yty_act_lost_uid,day=yyyy-mm-dd,90
algo,likee_live_recall_lr_negative_data,day=yyyy-mm-dd,31
report_tb,bigolive_lx_audience_enterroom_source_uid,day=yyyy-mm-dd,31
report_tb,bigolive_yty_whole_user_portrayal,day=yyyy-mm-dd,365
report_tb,bigolive_yty_all_fake_detail,day=yyyy-mm-dd,730
algo,likee_live_user_intimacy_topn_list_orc,day=yyyy-mm-dd,90
report_tb,likeelive_lrr_kehuduan_ab_flag_uids,day=yyyy-mm-dd,31
algo,like_live_exposure_hour_v1_orc,day=yyyy-mm-dd,90
report_tb,bigolive_lx_audience_owneruid_flow_time,day=yyyy-mm-dd,180
algo,likee_live_user_video_intimacy_socre_orc,day=yyyy-mm-dd,90
algo,likee_live_user_intimacy_topn_socre_orc,day=yyyy-mm-dd,7
report_tb,bigolive_yty_accum_bean,day=yyyy-mm-dd,31
report_tb,likeelive_lrr_kehuduan_ab_flag_uids_no2,day=yyyy-mm-dd,90
algo,rec_bigolive_reminder_lr_label_feature_orc,day=yyyy-mm-dd,180
report_tb,bigolive_lx_tieba_tiezi_rank_label,day=yyyy-mm-dd,31
algo,likee_live_arrow_topn_list_orc,day=yyyy-mm-dd,180
algo,likee_live_arrow_user_level_and_bidlist_orc,day=yyyy-mm-dd,31
report_tb,bigolive_cny_user_push_stats_v2,day=yyyy-mm-dd,31
report_tb,bigolive_yty_show_lost_uid,day=yyyy-mm-dd,90
report_tb,likeelive_lrr_shentoulv_fenmu,day=yyyy-mm-dd,90
algo,like_live_ub_feature_part1_orc,day=yyyy-mm-dd,90
algo,likee_live_arrow_topn_socre_orc,day=yyyy-mm-dd,90
report_tb,bigolive_lx_popular_all_rank_uid,day=yyyy-mm-dd,31
report_tb,bigolive_lixue_abflag_for,day=yyyy-mm-dd,180
algo,rec_bigolive_reminder_lr_dataset_v1_orc,day=yyyy-mm-dd,180
algo,like_live_follow_sample_feature_v2_orc,day=yyyy-mm-dd,31
report_tb,bigolive_lx_tieba_tiezi_score,day=yyyy-mm-dd,180
report_tb,bigolive_yty_user_recall,day=yyyy-mm-dd,90
algo,bigolive_reminder_raw_samples,day=yyyy-mm-dd,60
algo,rec_bigolive_push_desc_v2_100_100_240_v1,day=yyyy-mm-dd,31
algo,rec_bigolive_intimacy_score_orc,day=yyyy-mm-dd,31
algo,bigolive_push_desc_v2,day=yyyy-mm-dd,31
report_tb,likelive_wj_pos_sdk_video_stats_event_all,day=yyyy-mm-dd,180
report_tb,bigolive_guxiaoying_abtest_copy_login_abflag_by_day,day=yyyy-mm-dd,180
report_tb,bigolive_guxiaoying_abflag_video_quality_by_hdid_uid,day=yyyy-mm-dd,180
algo,like_live_ub_exposure_14d_v1_orc,day=yyyy-mm-dd,180
algo,bigolive_tieba_feature_process_test_lyx,day=yyyy-mm-dd,31
report_tb,bigolive_yty_effect_owner_daily_detial,day=yyyy-mm-dd,31
algo,rec_bigolive_push_desc_v7,day=yyyy-mm-dd,31
algo,bigolive_push_reduction_150_v3,day=yyyy-mm-dd,31
algo,bigolive_zhuzz_push_behavior_tbl,day=yyyy-mm-dd,31
report_tb,bigolive_lx_tieba_explore_tiezi_uid,day=yyyy-mm-dd,730
report_tb,bigolive_yty_accum_act,day=yyyy-mm-dd,90
algo,like_live_dispatch_hour_v1_orc,day=yyyy-mm-dd,90
report_tb,bigolive_lx_tieba_rank_explore_pv_uid,day=yyyy-mm-dd,730
report_tb,bigolive_yty_accum_watch,day=yyyy-mm-dd,90
report_tb,bigolive_yty_accum_diamond,day=yyyy-mm-dd,90
algo,bigolive_push_active_hour_incr_v5,day=yyyy-mm-dd,31
report_tb,bigolive_lx_user_follow_uid,day=yyyy-mm-dd,730
report_tb,bigolive_guxiaoying_abtest_copy_login_hdid_by_day,day=yyyy-mm-dd,180
report_tb,bigolive_lx_owner_abtest_jishu_tongyong_kadun_uid,day=yyyy-mm-dd,90
algo,like_live_ub_feature_v1_orc,day=yyyy-mm-dd,90
algo,bigolive_zhuzz_push_behavior_tbl_v3,day=yyyy-mm-dd,31
report_tb,bigolive_yty_in_white_list_view,day=yyyy-mm-dd,31
report_tb,bigolive_lx_user_fans_uid,day=yyyy-mm-dd,730
report_tb,bigolive_lx_vgift_leiji,day=yyyy-mm-dd,180
report_tb,bigolive_lx_tieba_explore,day=yyyy-mm-dd,730
report_tb,bigolive_yty_owner_show_times,day=yyyy-mm-dd,31
algo,bigolive_nearby_push_result,day=yyyy-mm-dd,31
report_tb,bigolive_lx_tieba_os_version_explore,day=yyyy-mm-dd,730
report_tb,bigolive_guxiaoying_abtest_audience_develop_stat_by_uid,day=yyyy-mm-dd,365
algo,like_live_ub_feature_30d_v1_orc,day=yyyy-mm-dd,90
report_tb,bigolive_wj_owner_abtest_for_web_userhdid,day=yyyy-mm-dd,90
report_tb,likee_live_lrr_audience_history,day=yyyy-mm-dd,180
report_tb,bigolive_lx_tieba_tiezi_kehuduan_explore_version_uid,day=yyyy-mm-dd,730
report_tb,bigolive_yty_gift_change_scene,day=yyyy-mm-dd,730
algo,rec_bigolive_reminder_lr_feature_v1_orc,day=yyyy-mm-dd,31
report_tb,bigolive_lx_audience_livetype_source_uid,day=yyyy-mm-dd,730
algo,bigolive_tieba_feature_log_dnn_sample_d,day=yyyy-mm-dd,31
algo,like_live_sample_hour_v1_orc,day=yyyy-mm-dd,180
report_tb,bigolive_lixue_follow_bar_ab_uid,day=yyyy-mm-dd,180
algo,rec_bigolive_reminder_lr_anchor_features,day=yyyy-mm-dd,31
report_tb,bigolive_lx_owner_abtest_jishu_tongyong_for_web,day=yyyy-mm-dd,90
report_tb,likee_live_lrr_follow_report_01,day=yyyy-mm-dd,90
report_tb,bigolive_lx_room_function_enter_click_uid,day=yyyy-mm-dd,730
algo,like_live_stay_detail_1d_orc,day=yyyy-mm-dd,180
algo,rec_bigolive_intimacy_top3_score_orc,day=yyyy-mm-dd,31
report_tb,bigolive_lx_bar_explore_user_countrycode_poster_feature_uid,day=yyyy-mm-dd,730
algo,rec_bigolive_reminder_lr_sample_d_orc,day=yyyy-mm-dd,31
algo,rec_bigolive_reminder_lr_feature_v3_orc,day=yyyy-mm-dd,31
algo,rec_bigolive_reminder_lr_feature_v2_orc,day=yyyy-mm-dd,31
report_tb,bigolive_lx_tieba_dot_uid,day=yyyy-mm-dd,730
report_tb,bigolive_yty_country_language_follow_uid,day=yyyy-mm-dd,90
report_tb,likeelive_yty_board_gift_recommend,day=yyyy-mm-dd,90
report_tb,bigolive_yty_owner_activity_5min,day=yyyy-mm-dd,31
bdp_binlog,likee_order_myshard_social_gift_lang_db_binlog,day=yyyy-mm-dd,90
bdp_binlog,likee_order_myshard_social_config_gift_db_binlog,day=yyyy-mm-dd,90
bdp_binlog,likee_order_myshard_social_area_config_db_binlog,day=yyyy-mm-dd,90
bdp_binlog,likee_order_myshard_social_gift_db_binlog,day=yyyy-mm-dd,90
bdp_binlog,likee_order_myshard_social_user_db_binlog,day=yyyy-mm-dd,90
